{
  "model/models.js": 1618902831754,
  "localService/mockserver.js": 1618902831754,
  "test/unit/controller/main.controller.js": 1618902831762,
  "test/integration/pages/View1.js": 1618902831758,
  "test/integration/arrangements/Startup.js": 1618902831758,
  "test/unit/unitTests.qunit.js": 1618902831762,
  "test/unit/AllTests.js": 1618902831762,
  "test/integration/opaTests.qunit.js": 1618902831758,
  "test/integration/NavigationJourney.js": 1618902831758,
  "test/integration/AllJourneys.js": 1618902831758,
  "test/testsuite.qunit.js": 1618902831762,
  "test/initMockServer.js": 1618902831758,
  "i18n/i18n.properties": 1618902831754,
  "manifest.json": 1618902831754,
  "controller/main.controller.js": 1618902831754,
  "Component.js": 1618902831754,
  "manifest-bundle.zip": 1618903191340,
  "Component-preload.js": 1618903191678,
  "Component-dbg.js": 1618902831754,
  "test/integration/pages/View1-dbg.js": 1618902831758,
  "test/integration/arrangements/Startup-dbg.js": 1618902831758,
  "test/unit/unitTests.qunit-dbg.js": 1618902831762,
  "test/unit/AllTests-dbg.js": 1618902831762,
  "test/integration/opaTests.qunit-dbg.js": 1618902831758,
  "test/integration/NavigationJourney-dbg.js": 1618902831758,
  "test/integration/AllJourneys-dbg.js": 1618902831758,
  "test/testsuite.qunit-dbg.js": 1618902831762,
  "test/initMockServer-dbg.js": 1618902831758,
  "model/models-dbg.js": 1618902831754,
  "localService/mockserver-dbg.js": 1618902831754,
  "controller/main-dbg.controller.js": 1618902831754,
  "test/unit/controller/main-dbg.controller.js": 1618902831762,
  "test/unit/unitTests.qunit.html": 1618902831762,
  "test/integration/opaTests.qunit.html": 1618902831758,
  "view/main.view.xml": 1618902900427,
  "test/testsuite.qunit.html": 1618902831762,
  "test/mockServer.html": 1618902831762,
  "css/style.css": 1618902831754,
  "index.html": 1618902831754
}